instance_id,source_file,n,correlation,capacity,seed,values,weights
n100_strongly_00,n100_strongly_00.json,100,strongly,26050,20361506,"804,508,906,689,470,317,688,467,949,141,175,482,1010,794,484,727,564,199,731,673,1058,304,281,678,492,236,262,1055,701,373,424,1057,636,918,437,340,596,258,1078,280,416,899,1022,871,413,730,367,785,644,739,1024,516,861,225,1041,198,939,1043,161,605,104,482,140,327,269,1030,1040,554,1052,657,1042,548,919,862,258,815,1083,1034,845,112,1005,896,601,1036,303,494,425,347,545,485,1080,373,656,616,786,311,895,397,633,303","704,408,806,589,370,217,588,367,849,41,75,382,910,694,384,627,464,99,631,573,958,204,181,578,392,136,162,955,601,273,324,957,536,818,337,240,496,158,978,180,316,799,922,771,313,630,267,685,544,639,924,416,761,125,941,98,839,943,61,505,4,382,40,227,169,930,940,454,952,557,942,448,819,762,158,715,983,934,745,12,905,796,501,936,203,394,325,247,445,385,980,273,556,516,686,211,795,297,533,203"
n100_strongly_01,n100_strongly_01.json,100,strongly,28123,20361507,"923,836,567,975,798,910,994,603,739,1023,708,801,332,1070,426,720,375,680,941,741,1064,394,992,748,807,893,315,1081,741,275,593,171,701,823,289,844,705,289,718,817,607,810,154,867,683,850,298,958,370,900,609,512,463,613,101,174,968,492,381,297,891,841,700,1029,771,855,808,1081,743,994,999,944,354,1026,703,426,630,895,703,605,253,123,657,743,440,816,887,467,607,857,471,374,1004,218,196,953,461,209,232,752","823,736,467,875,698,810,894,503,639,923,608,701,232,970,326,620,275,580,841,641,964,294,892,648,707,793,215,981,641,175,493,71,601,723,189,744,605,189,618,717,507,710,54,767,583,750,198,858,270,800,509,412,363,513,1,74,868,392,281,197,791,741,600,929,671,755,708,981,643,894,899,844,254,926,603,326,530,795,603,505,153,23,557,643,340,716,787,367,507,757,371,274,904,118,96,853,361,109,132,652"
n100_strongly_02,n100_strongly_02.json,100,strongly,24185,20361508,"740,709,290,986,805,332,301,491,648,665,1005,551,462,886,141,1034,623,538,902,537,977,325,949,757,866,262,643,943,907,393,451,524,197,402,946,449,317,337,957,609,645,188,360,895,850,394,320,304,926,161,274,339,164,704,202,234,1070,114,933,738,982,447,538,781,569,204,726,739,470,694,1070,671,378,589,769,219,206,350,920,468,325,837,675,505,855,442,236,848,378,383,706,1035,258,231,732,172,635,837,1008,811","640,609,190,886,705,232,201,391,548,565,905,451,362,786,41,934,523,438,802,437,877,225,849,657,766,162,543,843,807,293,351,424,97,302,846,349,217,237,857,509,545,88,260,795,750,294,220,204,826,61,174,239,64,604,102,134,970,14,833,638,882,347,438,681,469,104,626,639,370,594,970,571,278,489,669,119,106,250,820,368,225,737,575,405,755,342,136,748,278,283,606,935,158,131,632,72,535,737,908,711"
n100_strongly_03,n100_strongly_03.json,100,strongly,23259,20361509,"658,1086,250,558,1020,273,475,641,328,435,685,1100,366,642,827,279,1038,1011,474,366,983,897,491,600,668,146,518,1096,957,276,318,610,338,621,142,610,625,590,1098,429,529,644,627,226,1044,282,245,790,1090,188,350,471,561,265,768,727,815,515,1025,939,358,125,357,401,172,178,871,253,786,233,121,554,483,843,309,413,387,622,864,985,728,289,916,261,934,586,513,238,581,546,361,850,206,314,560,315,1082,692,117,489","558,986,150,458,920,173,375,541,228,335,585,1000,266,542,727,179,938,911,374,266,883,797,391,500,568,46,418,996,857,176,218,510,238,521,42,510,525,490,998,329,429,544,527,126,944,182,145,690,990,88,250,371,461,165,668,627,715,415,925,839,258,25,257,301,72,78,771,153,686,133,21,454,383,743,209,313,287,522,764,885,628,189,816,161,834,486,413,138,481,446,261,750,106,214,460,215,982,592,17,389"
n100_strongly_04,n100_strongly_04.json,100,strongly,25449,20361510,"857,567,843,427,448,396,202,720,830,240,363,311,559,906,771,824,646,481,1059,549,298,992,971,738,1059,825,421,639,866,944,1068,655,547,488,928,901,533,807,123,767,773,342,822,554,303,1019,902,495,757,156,450,400,1012,805,443,387,269,967,718,945,604,276,266,1005,967,163,155,123,374,1047,777,389,775,612,1021,1023,108,170,847,205,250,986,248,608,414,290,566,690,553,1069,659,787,304,926,753,148,280,127,920,325","757,467,743,327,348,296,102,620,730,140,263,211,459,806,671,724,546,381,959,449,198,892,871,638,959,725,321,539,766,844,968,555,447,388,828,801,433,707,23,667,673,242,722,454,203,919,802,395,657,56,350,300,912,705,343,287,169,867,618,845,504,176,166,905,867,63,55,23,274,947,677,289,675,512,921,923,8,70,747,105,150,886,148,508,314,190,466,590,453,969,559,687,204,826,653,48,180,27,820,225"
n100_strongly_05,n100_strongly_05.json,100,strongly,23572,20361511,"367,799,189,109,653,452,162,1029,294,730,1093,164,462,289,734,436,415,818,745,1002,847,115,154,937,291,1059,363,512,998,887,578,408,817,125,463,998,887,797,225,320,930,790,190,798,598,485,114,373,436,494,556,146,935,462,609,790,1090,930,515,916,937,1010,290,192,343,582,1095,230,597,762,726,155,108,134,161,931,110,375,343,871,924,111,234,651,732,101,567,896,868,254,379,1078,610,260,866,811,947,725,894,404","267,699,89,9,553,352,62,929,194,630,993,64,362,189,634,336,315,718,645,902,747,15,54,837,191,959,263,412,898,787,478,308,717,25,363,898,787,697,125,220,830,690,90,698,498,385,14,273,336,394,456,46,835,362,509,690,990,830,415,816,837,910,190,92,243,482,995,130,497,662,626,55,8,34,61,831,10,275,243,771,824,11,134,551,632,1,467,796,768,154,279,978,510,160,766,711,847,625,794,304"
n100_strongly_06,n100_strongly_06.json,100,strongly,23813,20361512,"460,490,659,344,175,344,111,881,766,735,929,819,837,187,379,322,634,951,596,753,954,263,839,898,563,581,221,500,918,354,351,324,644,165,477,418,466,387,165,572,708,254,229,234,555,1001,954,732,496,909,1074,813,239,828,1025,831,469,449,346,514,560,815,838,318,382,460,570,145,999,851,163,335,156,463,367,668,551,1087,853,1047,980,591,458,760,846,587,913,263,376,778,292,762,1015,577,786,151,558,324,151,738","360,390,559,244,75,244,11,781,666,635,829,719,737,87,279,222,534,851,496,653,854,163,739,798,463,481,121,400,818,254,251,224,544,65,377,318,366,287,65,472,608,154,129,134,455,901,854,632,396,809,974,713,139,728,925,731,369,349,246,414,460,715,738,218,282,360,470,45,899,751,63,235,56,363,267,568,451,987,753,947,880,491,358,660,746,487,813,163,276,678,192,662,915,477,686,51,458,224,51,638"
n100_strongly_07,n100_strongly_07.json,100,strongly,26020,20361513,"813,1071,518,352,485,644,299,186,349,387,926,582,398,403,377,919,802,170,741,876,523,920,821,236,358,708,1098,287,348,937,902,230,332,792,575,818,837,873,683,111,309,944,1022,603,160,632,498,366,269,800,882,1040,194,969,991,197,240,983,751,838,197,763,346,406,904,824,884,584,409,1043,299,749,393,1026,1017,267,673,714,496,533,689,654,216,996,295,1064,631,684,1090,440,983,1032,113,634,405,864,241,347,918,842","713,971,418,252,385,544,199,86,249,287,826,482,298,303,277,819,702,70,641,776,423,820,721,136,258,608,998,187,248,837,802,130,232,692,475,718,737,773,583,11,209,844,922,503,60,532,398,266,169,700,782,940,94,869,891,97,140,883,651,738,97,663,246,306,804,724,784,484,309,943,199,649,293,926,917,167,573,614,396,433,589,554,116,896,195,964,531,584,990,340,883,932,13,534,305,764,141,247,818,742"
n100_strongly_08,n100_strongly_08.json,100,strongly,22871,20361514,"795,117,701,199,903,1027,1042,336,966,778,204,479,271,657,873,514,367,941,645,249,1011,601,487,456,283,1004,172,946,945,113,250,515,593,747,414,109,967,188,1082,833,517,637,1000,897,578,235,315,197,121,940,309,1013,955,121,459,114,739,389,303,250,543,133,862,1086,707,578,423,534,429,944,562,572,1021,443,268,321,149,907,886,931,523,515,126,371,840,286,124,473,539,258,826,927,742,1038,630,190,281,466,272,147","695,17,601,99,803,927,942,236,866,678,104,379,171,557,773,414,267,841,545,149,911,501,387,356,183,904,72,846,845,13,150,415,493,647,314,9,867,88,982,733,417,537,900,797,478,135,215,97,21,840,209,913,855,21,359,14,639,289,203,150,443,33,762,986,607,478,323,434,329,844,462,472,921,343,168,221,49,807,786,831,423,415,26,271,740,186,24,373,439,158,726,827,642,938,530,90,181,366,172,47"
n100_strongly_09,n100_strongly_09.json,100,strongly,23691,20361515,"284,120,447,559,1010,1057,441,405,461,709,961,348,1007,1054,1037,746,985,336,186,124,634,278,786,924,735,463,1076,432,446,297,950,921,305,894,505,1015,1022,439,485,397,913,483,364,877,259,390,106,1008,269,484,640,279,119,651,366,878,1098,143,149,689,776,578,316,220,464,1087,1006,255,601,867,410,1015,792,785,603,938,888,328,526,559,524,612,395,341,442,409,900,176,237,143,804,217,850,159,452,657,382,530,470,222","184,20,347,459,910,957,341,305,361,609,861,248,907,954,937,646,885,236,86,24,534,178,686,824,635,363,976,332,346,197,850,821,205,794,405,915,922,339,385,297,813,383,264,777,159,290,6,908,169,384,540,179,19,551,266,778,998,43,49,589,676,478,216,120,364,987,906,155,501,767,310,915,692,685,503,838,788,228,426,459,424,512,295,241,342,309,800,76,137,43,704,117,750,59,352,557,282,430,370,122"
n100_uncorrelated_00,n100_uncorrelated_00.json,100,uncorrelated,22420,20361906,"951,979,557,572,868,119,802,43,995,687,668,219,739,284,644,757,606,67,95,974,178,514,288,657,365,327,117,682,914,651,175,930,898,278,348,957,161,71,407,557,101,890,655,865,94,163,935,400,853,539,499,817,734,976,575,136,698,788,126,279,797,786,221,147,651,778,574,532,520,213,467,702,946,774,282,244,162,264,193,838,729,532,284,816,884,658,706,629,567,610,944,808,866,321,147,463,896,379,802,474","508,82,254,500,382,772,661,253,897,666,207,843,794,36,303,495,31,188,759,778,221,171,369,305,124,121,349,425,532,180,912,553,291,242,946,740,480,909,135,305,413,949,85,140,407,544,68,631,460,550,991,384,105,881,366,49,512,769,142,785,500,343,226,185,813,347,305,763,601,776,713,790,85,294,201,645,716,328,221,490,506,675,37,63,56,251,508,350,229,58,191,796,799,630,25,714,918,489,287,966"
n100_uncorrelated_01,n100_uncorrelated_01.json,100,uncorrelated,25098,20361907,"231,921,472,799,265,939,468,528,928,915,756,463,747,256,583,600,32,808,510,809,952,623,882,577,519,104,680,552,995,778,142,207,176,356,485,747,242,177,11,352,756,147,297,577,22,464,56,290,832,498,409,190,396,881,297,930,251,828,518,164,189,77,659,745,227,553,70,272,622,735,958,368,786,287,483,606,407,879,163,732,514,480,502,303,537,397,227,802,734,786,932,984,657,191,656,180,529,976,213,997","378,100,646,461,576,193,451,984,405,63,376,151,295,424,908,263,297,238,843,288,495,689,202,620,520,58,744,834,428,991,767,4,676,522,481,348,577,885,943,905,753,288,103,542,744,168,601,943,303,146,563,304,82,30,565,275,641,946,734,538,96,13,951,739,66,172,131,77,958,735,346,534,71,777,602,850,688,171,891,613,722,755,345,171,574,262,893,637,331,609,618,699,731,545,655,530,649,741,297,653"
n100_uncorrelated_02,n100_uncorrelated_02.json,100,uncorrelated,25147,20361908,"820,420,221,829,475,329,489,919,560,64,631,490,27,677,361,70,463,599,836,218,67,376,760,65,293,641,885,947,236,769,425,650,814,700,254,391,989,217,76,103,448,297,792,257,440,118,506,730,566,885,986,10,286,722,861,320,977,946,132,331,611,941,549,656,785,48,600,280,391,169,12,300,406,747,52,535,564,255,815,274,623,571,156,182,889,946,166,595,853,732,224,609,600,77,520,629,58,780,979,705","4,848,918,133,761,36,377,16,139,468,686,69,396,13,349,498,892,681,253,476,353,224,544,887,670,548,228,769,757,221,464,224,992,649,970,459,634,144,19,407,375,49,451,721,230,887,120,897,91,886,669,29,501,403,244,682,530,823,975,929,487,354,105,641,763,544,992,648,785,320,981,507,510,243,256,598,968,17,109,687,558,70,511,682,177,772,610,719,791,954,843,875,393,697,232,379,388,503,568,390"
n100_uncorrelated_03,n100_uncorrelated_03.json,100,uncorrelated,26069,20361909,"88,38,458,888,921,450,295,691,415,912,87,833,630,4,515,667,976,820,467,94,668,936,902,314,845,814,447,253,505,57,442,707,267,193,514,703,515,134,810,702,202,150,64,317,80,8,755,519,550,505,502,618,925,655,972,486,150,303,319,835,108,971,828,32,734,256,161,832,570,693,744,639,143,135,841,439,407,411,298,999,605,997,198,951,831,226,906,504,470,527,730,161,373,669,601,531,369,567,356,50","483,425,787,443,291,504,372,341,523,115,680,459,671,998,273,628,47,101,119,604,184,973,878,88,626,738,521,376,329,309,391,371,913,239,391,773,991,613,841,626,733,557,419,776,89,428,402,677,513,824,717,851,15,126,938,78,651,910,987,418,770,724,595,692,994,940,550,480,528,853,160,138,472,819,97,543,668,862,631,720,241,231,463,277,487,838,561,710,707,33,404,991,127,100,266,809,119,248,248,899"
n100_uncorrelated_04,n100_uncorrelated_04.json,100,uncorrelated,24294,20361910,"273,607,89,532,87,169,325,313,767,711,438,71,573,153,983,175,19,7,185,912,711,573,797,104,359,431,778,868,786,202,641,657,237,341,324,23,16,63,747,233,169,7,30,304,495,570,881,755,62,690,887,773,860,68,660,780,970,513,289,859,123,468,303,434,698,149,280,802,181,363,568,133,179,935,687,577,69,281,970,25,283,219,58,723,560,203,267,269,848,890,708,66,431,664,253,829,863,610,206,298","210,802,193,991,966,68,874,290,102,590,160,951,704,757,198,147,757,82,61,473,595,219,27,263,649,315,7,836,214,928,376,611,594,476,51,711,508,154,805,5,493,638,507,723,356,975,821,240,559,753,657,719,843,87,979,312,922,428,899,771,636,466,174,55,610,389,157,71,318,353,397,292,262,23,13,865,978,199,636,326,130,816,283,706,158,928,191,198,739,841,846,800,11,490,896,583,770,826,620,135"
n100_uncorrelated_05,n100_uncorrelated_05.json,100,uncorrelated,24522,20361911,"31,187,504,48,77,652,118,599,505,62,477,818,493,653,213,604,230,925,837,382,616,627,399,161,536,675,45,936,209,64,583,590,726,783,417,789,380,651,635,51,19,736,333,282,673,292,550,829,359,793,215,794,728,27,928,825,192,973,791,870,319,893,353,204,385,358,648,776,504,43,644,571,925,267,163,179,297,142,193,864,181,605,827,464,649,756,786,356,94,144,347,106,824,851,770,534,234,330,232,548","664,916,340,464,116,856,317,479,638,572,663,878,181,298,432,182,377,201,221,496,133,8,897,889,838,407,253,389,123,187,199,999,229,922,391,355,903,721,68,818,382,919,912,268,219,665,477,169,707,60,558,638,585,607,638,628,145,618,435,398,559,734,992,468,797,145,491,342,210,555,541,85,633,658,147,611,5,250,740,156,885,659,674,410,681,536,705,355,882,307,695,611,929,342,429,170,336,491,158,623"
n100_uncorrelated_06,n100_uncorrelated_06.json,100,uncorrelated,24002,20361912,"742,681,769,775,731,571,247,122,977,959,888,6,117,546,73,694,806,623,806,161,833,170,789,219,482,206,536,242,91,285,366,709,629,128,379,163,331,18,175,96,577,234,481,577,3,570,505,771,656,311,600,625,983,81,893,584,703,820,32,461,807,874,870,505,944,167,94,118,655,732,306,617,862,304,862,301,156,868,178,952,800,999,379,30,94,904,540,754,214,839,238,828,779,850,556,631,658,193,998,874","43,237,815,476,563,407,544,377,823,651,485,47,774,77,549,533,249,522,712,601,291,965,12,272,181,778,957,159,2,707,320,296,862,786,648,798,599,694,883,661,522,319,676,642,9,189,823,937,415,158,841,842,881,153,600,502,204,246,882,125,880,529,460,182,262,557,70,222,679,243,715,386,3,523,821,295,70,169,222,403,407,67,729,850,175,958,74,630,731,746,255,531,57,708,725,223,926,603,98,498"
n100_uncorrelated_07,n100_uncorrelated_07.json,100,uncorrelated,25965,20361913,"680,137,714,996,159,760,707,804,669,341,336,487,953,185,669,630,545,687,78,185,803,909,578,79,283,668,169,331,1,401,309,462,557,337,109,346,163,467,405,621,951,668,866,692,841,835,916,495,803,45,577,313,917,192,349,281,754,251,453,772,784,198,164,919,843,584,30,10,987,530,4,629,563,976,914,313,429,917,119,3,898,176,681,951,480,770,23,567,148,817,937,806,910,322,119,856,8,849,839,933","90,141,509,383,568,108,988,312,38,316,678,653,900,214,557,550,982,154,405,54,702,954,827,846,843,663,164,210,46,324,223,854,407,547,484,153,379,790,402,642,574,842,318,430,913,793,537,786,155,70,53,623,759,243,386,458,756,738,994,935,323,537,641,997,333,259,506,741,611,65,154,363,684,330,102,59,378,876,922,837,436,245,819,781,460,992,979,741,848,965,826,787,80,59,696,608,5,702,675,86"
n100_uncorrelated_08,n100_uncorrelated_08.json,100,uncorrelated,25882,20361914,"126,133,433,202,9,555,631,437,181,750,325,956,45,635,475,937,5,337,525,598,652,418,7,255,442,800,705,438,457,221,722,812,783,990,592,270,912,403,667,788,16,106,432,288,820,663,70,590,166,271,934,901,357,829,738,631,358,444,386,967,735,882,9,997,240,121,730,904,432,924,183,335,924,784,544,541,703,851,306,356,625,429,943,479,482,770,764,861,887,537,673,802,881,396,378,509,1,79,38,813","642,238,585,643,761,356,725,477,355,733,396,971,756,251,841,509,65,278,31,226,252,735,112,835,975,412,842,863,292,732,261,142,348,487,130,295,854,99,517,951,756,483,368,219,802,811,440,47,829,294,719,704,975,132,493,877,993,368,719,902,484,315,510,692,686,321,675,976,69,693,137,401,479,655,762,157,563,249,413,849,703,44,659,721,985,625,70,166,625,919,725,312,45,192,524,596,411,360,146,946"
n100_uncorrelated_09,n100_uncorrelated_09.json,100,uncorrelated,25568,20361915,"222,494,882,295,152,890,328,419,427,861,467,323,300,373,510,998,690,80,656,483,511,20,671,166,250,844,9,21,945,90,979,366,833,325,945,772,92,538,739,401,369,236,438,605,870,784,939,46,304,575,676,23,708,833,605,983,963,99,985,459,491,554,602,912,534,55,268,414,161,716,73,744,892,377,394,620,151,279,955,440,959,230,512,550,593,86,94,960,392,32,114,622,49,944,558,143,751,517,989,798","802,578,53,459,868,429,835,471,297,57,479,502,196,241,250,911,474,934,549,924,322,282,302,303,188,63,205,759,786,804,228,673,104,603,633,335,360,233,635,662,701,286,333,658,16,459,48,964,980,151,907,354,267,193,821,724,192,998,697,486,446,567,298,185,354,431,319,191,711,767,900,736,453,860,10,947,661,846,293,137,292,948,785,928,564,838,140,614,578,80,176,798,590,922,563,403,872,373,835,701"
n100_weakly_00,n100_weakly_00.json,100,weakly,24890,20361306,"911,739,1001,517,748,73,628,470,733,766,942,369,865,69,245,376,728,770,102,701,136,803,631,387,747,878,115,428,234,296,107,139,367,522,599,1,288,441,165,386,1006,323,97,9,762,298,167,764,928,139,66,868,88,216,289,578,715,564,673,1035,235,955,142,782,998,353,674,798,622,132,515,318,769,71,447,557,934,785,262,413,851,943,38,602,437,919,458,614,203,506,610,234,764,702,409,413,693,538,711,94","963,687,951,467,726,118,578,534,748,718,942,332,832,109,186,470,696,788,16,614,55,868,628,411,685,948,106,378,241,337,179,69,340,525,505,6,206,362,164,399,946,392,71,41,699,221,207,848,851,197,48,855,47,232,371,556,653,504,738,960,210,909,87,857,937,341,733,742,585,100,569,372,797,128,531,571,960,868,175,358,908,886,70,637,472,989,517,545,143,505,579,150,683,628,498,348,670,579,748,71"
n100_weakly_01,n100_weakly_01.json,100,weakly,24910,20361307,"403,405,268,680,664,1,147,583,412,499,207,426,504,724,304,196,969,524,661,498,163,381,553,336,360,597,873,544,402,913,628,143,1,558,133,450,505,794,443,60,368,356,286,518,1003,972,883,628,265,266,759,286,882,717,510,654,1005,685,27,894,662,682,664,829,97,429,881,654,793,85,867,809,319,115,867,528,716,489,447,114,349,220,264,1008,557,554,290,1,734,901,904,225,199,239,143,865,774,825,611,217","493,406,183,754,662,9,55,550,511,591,157,344,483,763,367,176,996,584,726,567,115,351,454,349,422,568,777,551,309,984,650,138,33,525,73,350,466,763,372,61,271,261,291,494,919,933,802,546,253,355,750,351,891,799,478,725,912,678,71,892,717,653,617,765,99,477,796,681,795,4,941,719,295,34,776,607,752,465,511,17,396,294,221,909,492,461,249,35,746,892,874,220,236,158,114,951,760,860,711,161"
n100_weakly_02,n100_weakly_02.json,100,weakly,25009,20361308,"969,90,149,214,393,440,995,958,948,227,942,918,475,433,743,569,792,129,725,679,113,272,117,874,787,185,192,780,1062,926,104,1004,137,268,650,96,140,720,100,696,427,603,822,442,818,176,574,198,46,897,550,943,584,723,555,655,91,1016,48,914,531,434,664,184,351,407,586,206,855,645,676,93,846,1,237,831,718,260,197,660,379,287,962,215,829,789,139,59,661,192,174,300,800,461,741,151,42,449,886,703","943,59,93,143,376,473,995,969,963,171,874,935,488,465,843,504,750,42,665,727,130,263,194,837,883,221,139,864,976,839,29,908,229,175,612,57,50,730,93,776,352,702,897,453,895,262,555,144,63,927,628,889,589,649,620,698,28,1000,76,985,431,459,711,162,311,383,527,136,955,558,656,48,798,29,268,756,756,243,295,611,448,191,964,124,815,753,189,147,650,109,189,226,795,530,726,60,38,491,880,706"
n100_weakly_03,n100_weakly_03.json,100,weakly,24402,20361309,"106,584,797,868,71,625,458,866,677,126,393,590,814,690,501,150,164,726,314,565,1,727,448,661,325,312,590,462,975,892,714,625,84,759,390,694,913,363,636,78,562,958,603,458,531,684,59,110,1016,290,1,723,876,20,1,363,98,770,700,39,346,96,804,212,114,850,361,419,66,860,82,169,211,917,578,701,738,476,92,1,816,588,880,638,996,309,435,232,1,146,149,282,840,914,1019,1016,179,270,609,972","15,580,755,944,85,571,375,893,750,142,407,539,759,735,519,156,177,660,298,654,35,636,453,614,253,298,521,447,943,820,776,558,85,830,299,727,973,326,700,154,631,919,517,458,609,699,45,101,955,279,16,823,848,59,59,373,40,678,603,88,391,90,851,253,182,807,434,322,134,778,180,141,236,1000,509,660,649,482,68,60,745,676,875,606,923,344,450,194,70,88,139,369,779,830,990,967,264,337,698,972"
n100_weakly_04,n100_weakly_04.json,100,weakly,23710,20361310,"876,319,424,410,984,112,566,477,758,1,131,970,277,371,577,568,11,219,493,659,291,124,603,830,659,402,978,526,106,141,318,233,535,353,24,187,361,758,1018,643,118,468,802,842,907,451,319,103,849,42,157,300,622,865,155,492,55,765,21,952,191,793,479,1027,517,496,305,405,366,496,774,1032,1,651,287,1001,334,230,957,441,821,584,143,296,906,596,203,628,1,466,859,466,493,91,242,402,229,184,862,807","845,221,418,445,899,110,603,576,747,34,89,952,342,464,515,496,3,212,535,580,370,119,692,743,620,305,905,465,174,97,326,310,552,371,51,119,310,718,962,730,150,473,703,846,810,400,417,59,872,138,211,394,595,931,225,592,153,824,98,880,162,817,525,946,513,433,343,324,459,507,745,967,56,662,318,980,309,193,892,375,894,554,72,223,893,519,259,685,43,504,808,424,475,102,327,424,162,236,781,714"
n100_weakly_05,n100_weakly_05.json,100,weakly,24592,20361311,"93,39,515,171,707,637,801,286,852,734,585,476,584,872,286,631,273,720,587,967,353,736,78,314,561,1,1022,317,848,618,709,821,127,202,872,608,839,861,500,560,882,735,829,953,720,569,450,164,556,674,208,649,348,509,506,595,810,184,639,44,384,144,149,231,19,691,217,736,196,663,721,619,82,410,533,209,240,89,946,899,1017,473,601,516,522,615,421,24,330,389,426,267,827,264,789,89,422,1,854,244","15,85,495,130,806,579,826,220,835,700,501,551,567,846,288,688,261,775,627,909,413,662,47,242,660,10,923,341,922,662,657,855,140,116,960,552,815,845,410,541,895,719,864,973,657,650,435,177,522,622,180,712,356,415,544,501,792,256,579,108,420,122,208,132,84,783,210,749,141,668,689,655,71,358,543,117,327,23,876,877,920,443,620,460,429,541,419,33,231,424,524,203,891,307,690,176,365,19,790,213"
n100_weakly_06,n100_weakly_06.json,100,weakly,25071,20361312,"382,654,738,699,697,798,139,484,243,898,627,649,237,748,980,789,198,276,91,759,549,22,307,635,183,581,986,415,657,715,532,294,295,367,463,523,411,100,221,281,26,1,732,436,556,276,615,562,616,533,758,121,660,416,842,474,596,808,402,270,221,656,109,368,573,134,261,1045,60,595,731,811,632,234,202,340,227,250,1023,332,613,470,141,795,962,720,346,474,31,731,945,992,788,929,101,909,51,246,805,117","482,680,774,739,689,740,39,444,330,854,699,550,328,787,942,726,229,354,55,799,543,65,299,644,159,535,945,501,626,810,515,302,218,388,558,463,441,16,287,327,118,19,770,463,636,189,667,632,571,543,669,126,739,511,933,414,553,856,388,303,318,658,188,383,625,141,239,950,132,666,749,738,583,162,238,414,326,336,935,316,664,445,140,702,989,773,338,531,99,773,888,990,816,888,82,913,80,159,737,57"
n100_weakly_07,n100_weakly_07.json,100,weakly,26212,20361313,"667,987,613,516,281,426,849,908,743,576,578,903,788,874,912,1014,493,354,401,619,293,699,543,325,865,1,605,298,705,923,132,620,801,203,516,58,85,310,195,1,917,445,330,513,423,911,859,666,659,119,74,542,167,546,959,359,435,828,286,574,167,430,355,455,603,536,739,118,758,69,1,748,982,620,626,542,302,682,140,293,409,245,1008,387,790,410,265,582,433,859,378,891,229,299,282,691,717,460,395,741","613,954,519,578,314,340,791,888,685,605,628,828,744,970,980,938,560,281,483,632,240,654,628,291,938,40,521,278,610,993,197,716,798,291,434,5,177,323,270,89,997,421,391,519,368,960,907,744,585,139,41,613,240,534,879,432,489,764,189,593,82,361,329,437,599,597,824,124,776,148,48,843,885,636,617,564,350,707,225,297,329,232,984,337,861,474,327,655,424,896,396,886,215,273,245,600,652,378,359,824"
n100_weakly_08,n100_weakly_08.json,100,weakly,24380,20361314,"493,747,144,545,884,1019,510,643,223,150,547,1013,110,477,644,30,805,387,1,354,937,838,97,84,133,838,434,490,292,1,174,1021,573,632,770,925,808,105,170,847,185,124,757,1041,601,875,426,82,643,663,880,418,240,471,234,880,212,374,127,856,694,227,462,297,764,981,325,871,109,292,949,968,397,183,882,221,469,483,411,213,423,409,821,303,753,805,463,777,320,189,143,817,597,131,291,288,309,433,495,1","418,666,230,530,917,975,412,611,288,96,630,925,201,456,575,51,765,471,8,438,938,821,56,10,127,867,500,545,301,48,262,925,534,568,710,935,815,95,197,787,147,192,761,971,680,883,376,176,674,675,970,498,259,386,157,923,132,308,128,768,665,198,545,256,684,888,399,820,100,257,887,956,338,154,855,216,548,582,403,141,457,404,888,222,819,853,547,789,274,254,169,904,531,129,291,230,344,482,500,13"
n100_weakly_09,n100_weakly_09.json,100,weakly,25686,20361315,"316,368,953,688,977,237,117,463,510,702,836,200,481,152,741,978,126,870,378,677,784,551,381,858,972,516,68,579,680,1063,489,397,102,524,767,888,846,563,360,212,322,750,190,453,351,118,21,273,27,38,624,452,731,653,420,890,604,1039,4,520,134,492,340,571,564,191,714,20,429,29,694,878,249,879,850,604,578,681,253,889,737,143,710,444,119,865,487,920,737,885,37,693,155,46,194,566,354,194,945,592","351,362,857,610,991,217,115,396,492,603,896,189,553,106,785,941,92,853,456,679,758,576,381,901,987,555,87,648,727,963,465,378,83,536,851,921,916,628,388,187,273,657,140,538,290,52,51,270,17,71,595,512,643,649,504,813,672,996,68,533,205,435,260,523,660,136,794,38,456,26,737,924,271,953,920,702,548,685,322,972,644,74,611,543,158,828,514,895,806,984,7,716,76,112,256,577,280,231,988,681"
n20_strongly_00,n20_strongly_00.json,20,strongly,4927,20281506,"705,825,789,768,109,705,514,193,419,145,773,476,675,1048,960,454,1072,325,317,582","605,725,689,668,9,605,414,93,319,45,673,376,575,948,860,354,972,225,217,482"
n20_strongly_01,n20_strongly_01.json,20,strongly,5405,20281507,"934,1055,512,303,759,1078,464,118,370,499,820,873,1058,932,523,237,588,905,590,193","834,955,412,203,659,978,364,18,270,399,720,773,958,832,423,137,488,805,490,93"
n20_strongly_02,n20_strongly_02.json,20,strongly,5028,20281508,"111,657,478,594,793,468,729,927,563,181,575,759,953,473,964,261,620,1098,608,244","11,557,378,494,693,368,629,827,463,81,475,659,853,373,864,161,520,998,508,144"
n20_strongly_03,n20_strongly_03.json,20,strongly,5746,20281509,"128,996,909,542,947,187,436,1020,877,300,933,700,613,744,541,863,982,961,381,433","28,896,809,442,847,87,336,920,777,200,833,600,513,644,441,763,882,861,281,333"
n20_strongly_04,n20_strongly_04.json,20,strongly,4985,20281510,"248,1066,1074,406,440,1065,1073,679,332,204,306,1034,355,785,125,339,443,752,708,536","148,966,974,306,340,965,973,579,232,104,206,934,255,685,25,239,343,652,608,436"
n20_strongly_05,n20_strongly_05.json,20,strongly,4119,20281511,"549,727,323,394,721,338,395,140,225,509,825,1079,824,1054,154,512,118,905,153,293","449,627,223,294,621,238,295,40,125,409,725,979,724,954,54,412,18,805,53,193"
n20_strongly_06,n20_strongly_06.json,20,strongly,4158,20281512,"343,138,919,145,140,193,301,451,923,658,465,979,530,495,453,715,273,1011,402,782","243,38,819,45,40,93,201,351,823,558,365,879,430,395,353,615,173,911,302,682"
n20_strongly_07,n20_strongly_07.json,20,strongly,4195,20281513,"711,289,1006,182,255,961,1016,554,630,826,533,242,642,511,780,160,291,130,396,275","611,189,906,82,155,861,916,454,530,726,433,142,542,411,680,60,191,30,296,175"
n20_strongly_08,n20_strongly_08.json,20,strongly,5341,20281514,"1029,968,860,214,511,398,349,394,240,1098,242,430,1007,949,882,505,709,212,736,949","929,868,760,114,411,298,249,294,140,998,142,330,907,849,782,405,609,112,636,849"
n20_strongly_09,n20_strongly_09.json,20,strongly,3805,20281515,"848,508,990,690,383,435,190,132,466,207,272,672,585,117,1053,506,351,543,468,195","748,408,890,590,283,335,90,32,366,107,172,572,485,17,953,406,251,443,368,95"
n20_uncorrelated_00,n20_uncorrelated_00.json,20,uncorrelated,4686,20281906,"503,386,585,540,835,893,110,669,388,659,357,714,434,903,766,997,408,200,815,467","531,909,107,218,305,817,374,625,623,101,281,913,401,204,435,505,399,419,280,926"
n20_uncorrelated_01,n20_uncorrelated_01.json,20,uncorrelated,4674,20281907,"652,505,633,983,713,797,195,847,466,918,749,131,684,573,768,32,330,1,982,448","267,873,699,820,393,213,925,5,141,943,176,442,477,6,721,313,738,19,878,300"
n20_uncorrelated_02,n20_uncorrelated_02.json,20,uncorrelated,4485,20281908,"116,41,264,985,34,479,611,362,251,814,708,13,784,694,203,338,863,488,642,880","100,227,367,336,778,780,833,206,451,393,467,180,279,501,949,29,102,709,486,798"
n20_uncorrelated_03,n20_uncorrelated_03.json,20,uncorrelated,4073,20281909,"993,208,661,962,811,445,849,229,273,177,313,490,643,349,520,478,953,735,638,673","63,306,427,150,16,336,730,466,99,149,487,119,325,403,722,520,917,970,506,435"
n20_uncorrelated_04,n20_uncorrelated_04.json,20,uncorrelated,3879,20281910,"90,369,334,12,655,684,81,393,452,384,313,650,542,702,505,724,910,111,214,583","607,345,685,502,681,88,367,270,384,305,681,357,455,83,351,573,84,244,462,235"
n20_uncorrelated_05,n20_uncorrelated_05.json,20,uncorrelated,4963,20281911,"421,278,143,854,993,647,251,780,650,526,31,638,861,631,426,758,853,936,160,926","330,302,491,309,228,203,560,686,878,900,86,360,614,441,583,96,975,509,740,635"
n20_uncorrelated_06,n20_uncorrelated_06.json,20,uncorrelated,4692,20281912,"706,290,507,926,813,787,267,863,823,900,879,349,423,106,537,393,184,91,805,298","156,525,936,456,346,259,470,678,202,118,236,575,124,141,447,86,943,926,996,764"
n20_uncorrelated_07,n20_uncorrelated_07.json,20,uncorrelated,4385,20281913,"638,896,938,83,184,947,627,697,626,866,618,485,736,517,828,178,98,103,606,833","38,38,56,726,571,794,354,264,299,904,987,531,629,336,975,33,76,553,249,357"
n20_uncorrelated_08,n20_uncorrelated_08.json,20,uncorrelated,5028,20281914,"597,434,905,721,540,21,692,127,146,422,168,658,913,802,955,662,737,462,38,628","452,201,487,197,458,960,238,131,460,424,981,210,551,484,354,730,595,488,767,889"
n20_uncorrelated_09,n20_uncorrelated_09.json,20,uncorrelated,5078,20281915,"425,392,250,393,145,392,962,570,495,330,62,522,483,461,903,609,243,886,81,659","632,416,771,275,262,40,138,784,783,329,545,126,205,930,332,554,352,954,781,947"
n20_weakly_00,n20_weakly_00.json,20,weakly,5040,20281306,"177,76,598,570,558,395,827,363,164,653,497,658,1039,563,319,1,1030,796,254,775","154,61,587,605,521,375,908,359,75,606,440,704,960,553,394,7,997,790,172,812"
n20_weakly_01,n20_weakly_01.json,20,weakly,5055,20281307,"733,776,598,107,611,179,276,407,317,442,600,497,288,686,247,870,860,742,581,390","724,677,571,15,571,155,215,356,317,358,690,590,240,645,329,968,901,736,584,469"
n20_weakly_02,n20_weakly_02.json,20,weakly,4663,20281308,"689,559,540,154,547,664,927,251,132,1,767,530,220,339,887,796,208,321,346,182","707,618,594,218,566,706,833,316,175,13,766,483,200,424,927,829,262,232,267,190"
n20_weakly_03,n20_weakly_03.json,20,weakly,4749,20281309,"324,824,693,119,798,234,945,536,350,954,955,858,379,249,70,55,17,363,595,263","324,827,643,162,802,293,850,517,349,962,933,867,385,167,90,4,55,268,642,358"
n20_weakly_04,n20_weakly_04.json,20,weakly,5296,20281310,"463,881,262,660,678,430,33,860,634,480,537,1007,282,496,809,340,74,512,1030,243","497,973,268,713,722,377,83,802,592,423,549,984,182,452,902,299,42,570,999,163"
n20_weakly_05,n20_weakly_05.json,20,weakly,6494,20281311,"681,880,724,349,928,516,536,654,929,160,920,586,785,625,837,841,800,139,846,387","669,798,736,370,933,504,611,731,917,105,840,490,779,663,740,902,881,171,750,398"
n20_weakly_06,n20_weakly_06.json,20,weakly,4594,20281312,"322,1,751,16,877,828,213,1011,253,548,199,457,713,691,161,733,619,238,178,477","384,46,716,2,827,766,153,993,312,604,219,405,787,673,116,643,600,184,233,526"
n20_weakly_07,n20_weakly_07.json,20,weakly,2978,20281313,"296,2,63,336,138,311,371,697,1,328,1,647,232,219,208,255,938,200,124,795","324,88,16,354,124,229,285,752,21,246,12,686,304,138,234,229,937,154,33,790"
n20_weakly_08,n20_weakly_08.json,20,weakly,4778,20281314,"758,1,543,44,594,190,692,881,856,850,448,668,385,285,138,342,302,621,740,1","796,22,614,44,539,261,627,894,921,909,484,636,399,366,46,287,293,696,682,40"
n20_weakly_09,n20_weakly_09.json,20,weakly,5575,20281315,"143,93,803,641,511,859,903,155,665,882,774,115,860,209,769,202,747,57,136,687","240,189,880,717,604,926,953,250,664,964,694,90,918,280,863,161,748,117,205,687"
n50_strongly_00,n50_strongly_00.json,50,strongly,13078,20311506,"565,991,870,346,1057,728,826,879,977,176,1017,337,360,479,765,788,433,472,1099,1004,936,231,337,264,986,445,136,567,727,540,728,977,808,198,471,983,112,277,456,559,688,354,158,598,953,722,986,745,250,796","465,891,770,246,957,628,726,779,877,76,917,237,260,379,665,688,333,372,999,904,836,131,237,164,886,345,36,467,627,440,628,877,708,98,371,883,12,177,356,459,588,254,58,498,853,622,886,645,150,696"
n50_strongly_01,n50_strongly_01.json,50,strongly,12603,20311507,"449,680,870,910,462,932,501,741,200,420,817,997,791,508,376,904,327,768,212,598,251,397,130,947,769,1018,564,853,774,506,595,870,657,342,479,1089,582,372,374,456,369,578,664,827,126,921,388,1036,416,393","349,580,770,810,362,832,401,641,100,320,717,897,691,408,276,804,227,668,112,498,151,297,30,847,669,918,464,753,674,406,495,770,557,242,379,989,482,272,274,356,269,478,564,727,26,821,288,936,316,293"
n50_strongly_02,n50_strongly_02.json,50,strongly,12406,20311508,"618,743,647,130,1020,906,456,204,241,138,661,780,446,101,968,496,236,607,539,570,429,719,985,698,554,788,538,956,873,106,244,986,558,644,1087,1065,160,398,253,973,551,778,366,449,787,614,479,934,849,484","518,643,547,30,920,806,356,104,141,38,561,680,346,1,868,396,136,507,439,470,329,619,885,598,454,688,438,856,773,6,144,886,458,544,987,965,60,298,153,873,451,678,266,349,687,514,379,834,749,384"
n50_strongly_03,n50_strongly_03.json,50,strongly,12316,20311509,"1030,458,470,919,319,993,550,588,670,930,865,798,684,715,623,479,1002,416,209,522,947,812,288,343,748,433,458,497,714,209,315,1098,119,573,909,1098,428,468,334,1097,233,802,391,295,1031,376,616,201,107,452","930,358,370,819,219,893,450,488,570,830,765,698,584,615,523,379,902,316,109,422,847,712,188,243,648,333,358,397,614,109,215,998,19,473,809,998,328,368,234,997,133,702,291,195,931,276,516,101,7,352"
n50_strongly_04,n50_strongly_04.json,50,strongly,13016,20311510,"1071,775,248,959,756,1051,909,830,317,381,593,305,924,795,262,696,569,890,196,555,1003,388,122,179,408,484,823,907,315,984,1085,503,740,309,315,543,916,265,875,957,438,161,677,965,717,783,939,264,167,718","971,675,148,859,656,951,809,730,217,281,493,205,824,695,162,596,469,790,96,455,903,288,22,79,308,384,723,807,215,884,985,403,640,209,215,443,816,165,775,857,338,61,577,865,617,683,839,164,67,618"
n50_strongly_05,n50_strongly_05.json,50,strongly,12355,20311511,"813,597,456,812,752,708,246,413,133,831,721,507,938,950,191,365,778,1070,681,874,278,408,1033,782,415,1015,785,359,440,190,522,1047,287,965,577,409,430,562,722,316,524,664,456,479,370,352,747,632,199,910","713,497,356,712,652,608,146,313,33,731,621,407,838,850,91,265,678,970,581,774,178,308,933,682,315,915,685,259,340,90,422,947,187,865,477,309,330,462,622,216,424,564,356,379,270,252,647,532,99,810"
n50_strongly_06,n50_strongly_06.json,50,strongly,13168,20311512,"943,566,896,626,182,1037,612,871,246,325,864,787,529,858,291,643,954,953,239,1010,1071,942,754,146,198,845,475,846,842,381,1047,223,735,809,593,101,178,419,590,991,903,727,254,822,594,150,778,342,997,152","843,466,796,526,82,937,512,771,146,225,764,687,429,758,191,543,854,853,139,910,971,842,654,46,98,745,375,746,742,281,947,123,635,709,493,1,78,319,490,891,803,627,154,722,494,50,678,242,897,52"
n50_strongly_07,n50_strongly_07.json,50,strongly,10829,20311513,"460,499,932,224,297,492,864,175,1042,643,491,209,1046,906,187,861,724,817,375,344,368,462,650,283,827,221,608,1076,114,856,228,209,187,426,440,1089,1091,662,676,145,553,613,218,667,349,237,276,408,304,827","360,399,832,124,197,392,764,75,942,543,391,109,946,806,87,761,624,717,275,244,268,362,550,183,727,121,508,976,14,756,128,109,87,326,340,989,991,562,576,45,453,513,118,567,249,137,176,308,204,727"
n50_strongly_08,n50_strongly_08.json,50,strongly,12359,20311514,"504,723,532,469,148,986,405,618,822,994,1039,432,780,153,590,714,774,204,180,913,489,222,447,1013,432,710,548,745,891,946,1037,768,792,846,1093,1045,133,604,243,170,1087,454,600,554,465,213,175,658,190,168","404,623,432,369,48,886,305,518,722,894,939,332,680,53,490,614,674,104,80,813,389,122,347,913,332,610,448,645,791,846,937,668,692,746,993,945,33,504,143,70,987,354,500,454,365,113,75,558,90,68"
n50_strongly_09,n50_strongly_09.json,50,strongly,11459,20311515,"163,261,147,120,496,913,266,650,118,149,527,1098,330,842,622,663,404,821,253,800,577,161,124,1059,876,1003,134,684,818,131,975,956,806,418,893,833,479,457,186,753,665,199,630,821,167,274,1076,585,871,664","63,161,47,20,396,813,166,550,18,49,427,998,230,742,522,563,304,721,153,700,477,61,24,959,776,903,34,584,718,31,875,856,706,318,793,733,379,357,86,653,565,99,530,721,67,174,976,485,771,564"
n50_uncorrelated_00,n50_uncorrelated_00.json,50,uncorrelated,11887,20311906,"717,105,104,666,569,282,949,615,918,484,495,175,935,893,813,21,96,291,579,411,241,97,592,785,37,119,480,310,362,417,894,631,471,555,988,210,112,280,239,321,826,230,928,888,950,799,44,372,248,642","588,607,808,502,39,588,474,842,809,105,537,792,590,201,706,73,428,16,922,559,264,33,792,800,672,132,60,216,452,33,96,37,354,631,705,389,242,34,759,415,928,732,128,986,908,787,153,747,285,818"
n50_uncorrelated_01,n50_uncorrelated_01.json,50,uncorrelated,11927,20311907,"887,421,271,763,380,714,161,761,545,150,797,935,213,537,178,188,625,162,470,555,625,906,529,833,588,995,385,1000,66,698,277,580,546,706,735,623,763,897,331,548,306,48,67,931,709,757,843,374,625,294","269,37,635,802,897,428,970,14,902,839,755,683,63,67,505,317,826,108,898,661,468,7,54,412,18,20,520,118,648,91,735,735,269,670,404,265,642,560,324,434,492,628,218,812,147,377,793,884,668,765"
n50_uncorrelated_02,n50_uncorrelated_02.json,50,uncorrelated,13323,20311908,"265,587,858,263,364,314,113,119,292,279,281,851,803,480,124,202,484,145,627,552,168,926,434,870,912,262,69,237,806,763,283,105,749,892,464,527,292,248,793,673,776,821,201,984,93,688,337,465,652,960","425,68,979,853,246,661,774,516,668,815,757,843,717,720,645,270,672,895,804,997,609,409,31,563,819,75,50,379,414,669,834,896,604,481,295,502,97,414,137,298,135,646,936,237,142,924,204,806,154,561"
n50_uncorrelated_03,n50_uncorrelated_03.json,50,uncorrelated,11903,20311909,"619,936,549,376,836,732,521,760,714,843,786,19,807,748,859,156,859,717,373,881,512,479,439,97,747,813,506,554,125,661,599,81,479,973,985,667,211,565,665,554,374,406,956,215,63,992,863,882,5,63","90,110,965,765,144,431,258,297,724,33,872,172,972,956,385,731,208,364,182,321,878,912,555,592,870,531,304,897,855,561,858,333,586,637,446,104,51,320,264,576,83,36,102,627,902,569,13,857,43,464"
n50_uncorrelated_04,n50_uncorrelated_04.json,50,uncorrelated,10577,20311910,"727,874,799,587,612,398,385,826,177,647,837,903,198,963,152,937,872,874,922,615,917,810,32,404,419,782,169,322,871,384,809,349,876,169,624,751,185,741,56,255,250,911,676,888,9,46,253,92,396,983","80,102,381,604,308,639,301,809,829,486,341,455,680,187,165,488,269,605,726,360,711,114,959,24,86,161,985,638,119,323,270,135,158,655,686,925,651,262,201,166,424,17,870,983,93,241,213,353,406,511"
n50_uncorrelated_05,n50_uncorrelated_05.json,50,uncorrelated,12572,20311911,"988,157,102,987,888,97,497,698,565,105,902,747,648,347,342,261,680,220,847,459,295,362,834,280,589,709,863,592,305,320,316,418,187,194,560,371,994,395,244,935,775,4,421,353,572,144,271,107,810,457","86,740,556,426,602,729,42,637,607,54,620,529,356,709,916,36,784,941,667,253,449,119,379,399,8,401,892,666,277,571,720,458,798,403,510,445,17,400,951,815,259,708,670,227,163,731,359,751,724,584"
n50_uncorrelated_06,n50_uncorrelated_06.json,50,uncorrelated,12244,20311912,"507,548,178,872,733,220,102,277,485,903,280,746,872,99,403,566,937,795,998,168,754,246,215,356,399,502,346,859,647,276,827,25,706,33,827,953,520,253,475,74,438,304,998,155,539,279,58,760,266,871","940,574,671,622,788,552,15,114,602,312,763,26,702,548,217,319,134,365,129,45,624,648,107,368,696,10,844,629,617,973,589,771,141,591,784,165,881,99,288,738,894,595,294,705,193,421,847,21,708,809"
n50_uncorrelated_07,n50_uncorrelated_07.json,50,uncorrelated,12767,20311913,"604,406,70,182,569,287,985,802,343,376,628,268,889,909,711,88,906,318,49,692,573,413,342,331,669,231,618,736,80,597,525,744,187,597,629,435,896,68,463,176,721,773,666,673,785,511,785,132,814,879","762,154,450,316,274,196,59,700,317,762,833,371,334,905,277,993,167,276,221,235,267,253,691,242,208,261,900,189,971,965,420,23,900,235,895,209,677,530,316,985,857,816,274,658,618,690,751,534,939,658"
n50_uncorrelated_08,n50_uncorrelated_08.json,50,uncorrelated,12048,20311914,"468,940,25,171,989,974,636,962,669,381,638,861,793,445,907,778,665,133,860,528,581,712,278,779,867,591,288,750,427,699,412,847,851,725,39,212,297,160,341,424,471,375,581,177,125,30,595,33,223,791","171,462,178,752,811,731,231,728,85,271,944,288,621,795,548,860,189,417,421,844,62,675,968,660,345,159,292,316,478,737,99,451,686,552,427,708,57,678,654,842,80,319,122,256,653,342,867,188,561,515"
n50_uncorrelated_09,n50_uncorrelated_09.json,50,uncorrelated,11569,20311915,"826,423,754,613,627,961,641,441,849,574,687,916,57,911,508,246,271,827,692,461,809,437,634,436,401,267,652,424,479,669,890,153,665,591,180,937,228,369,90,56,861,92,948,806,908,529,351,62,206,268","17,800,22,793,90,750,334,298,952,245,988,367,615,861,586,702,657,934,689,157,20,673,547,583,443,830,23,138,971,218,513,802,189,302,667,194,155,908,505,193,436,19,954,11,367,114,426,47,329,704"
n50_weakly_00,n50_weakly_00.json,50,weakly,12082,20311306,"514,796,427,837,933,460,35,991,563,151,744,320,113,853,128,132,635,988,180,646,837,1,488,637,655,113,811,290,798,30,452,711,786,818,167,434,396,456,725,657,659,97,224,91,890,159,569,402,169,316","485,744,524,893,863,497,89,965,470,180,700,259,143,817,79,182,657,1000,137,548,754,18,410,623,755,135,741,389,874,25,412,810,876,835,254,354,375,379,750,597,600,78,234,137,946,152,501,430,238,251"
n50_weakly_01,n50_weakly_01.json,50,weakly,12510,20311307,"494,537,210,855,117,246,119,682,833,956,891,757,535,117,52,724,690,815,527,786,413,324,118,151,546,20,910,421,950,617,96,616,472,380,873,368,298,310,354,644,464,791,580,669,51,492,568,439,835,133","531,561,252,910,65,265,132,587,839,916,794,814,499,162,118,651,600,852,570,770,453,268,77,213,591,76,834,339,971,622,87,585,440,389,949,450,201,351,396,659,430,888,555,686,99,475,650,428,912,58"
n50_weakly_02,n50_weakly_02.json,50,weakly,12953,20311308,"72,456,863,646,797,76,555,556,518,215,602,8,489,291,1015,338,606,522,1084,597,881,891,335,690,257,546,375,310,105,809,907,36,872,459,354,547,630,2,4,62,997,156,957,474,615,712,703,92,920,104","101,537,940,714,797,2,611,516,517,247,623,40,478,375,935,402,669,487,998,500,864,917,382,751,353,550,407,397,200,777,830,65,920,488,335,605,692,29,32,141,967,198,907,493,576,807,737,3,945,50"
n50_weakly_03,n50_weakly_03.json,50,weakly,13260,20311309,"408,552,171,239,535,318,239,61,216,222,347,406,701,650,610,860,663,739,654,343,394,525,677,82,942,469,335,294,297,628,190,1066,697,827,211,677,774,603,1020,512,601,323,796,771,202,825,412,973,850,671","428,536,242,183,453,352,208,100,202,321,390,497,721,635,649,797,731,814,598,307,434,593,604,116,921,380,351,368,229,620,92,966,645,849,251,733,814,594,949,577,564,357,792,679,186,729,493,920,922,628"
n50_weakly_04,n50_weakly_04.json,50,weakly,10607,20311310,"673,706,231,623,461,601,165,594,575,428,859,308,256,505,1021,336,102,677,54,325,68,188,702,749,86,736,197,718,735,618,511,380,107,369,641,418,175,722,193,448,115,143,642,282,209,311,800,445,94,478","604,674,221,535,436,557,126,673,617,513,927,408,332,416,925,403,168,601,45,338,43,168,641,704,148,777,172,763,726,598,465,282,175,310,641,479,142,656,135,479,52,92,638,298,170,265,734,406,120,416"
n50_weakly_05,n50_weakly_05.json,50,weakly,11211,20311311,"505,948,77,404,149,160,560,535,399,637,203,435,75,707,48,445,530,51,572,309,473,207,552,463,308,296,876,201,996,680,98,268,127,515,151,311,51,728,843,803,378,843,638,526,862,1,916,713,133,483","482,891,97,395,62,231,578,540,482,726,184,407,41,768,101,500,615,102,594,331,422,177,624,389,213,277,816,136,943,762,121,239,140,528,216,411,16,681,880,879,290,919,706,448,804,19,841,684,224,490"
n50_weakly_06,n50_weakly_06.json,50,weakly,10763,20311312,"43,209,138,54,890,555,913,734,838,803,110,980,188,725,200,695,317,388,751,485,1,227,455,214,145,140,123,361,763,689,414,315,485,565,472,340,165,251,924,507,850,870,332,329,241,93,508,50,977,98","17,217,51,7,976,537,920,789,849,882,61,952,162,704,104,650,297,404,715,389,31,160,447,291,136,165,93,274,791,695,330,340,418,488,567,296,173,192,836,499,945,930,411,357,228,186,446,69,913,137"
n50_weakly_07,n50_weakly_07.json,50,weakly,12973,20311313,"105,27,878,1,603,417,44,883,436,184,303,560,879,1,632,504,1069,856,691,798,47,816,887,565,645,669,725,393,584,820,673,369,6,526,412,128,70,994,461,557,772,280,615,606,62,364,912,601,294,852","95,65,943,25,663,400,29,859,497,91,312,498,880,70,729,567,981,916,658,897,21,888,843,630,727,702,689,397,631,757,666,333,97,561,441,165,6,947,459,511,809,317,537,606,128,284,869,634,271,845"
n50_weakly_08,n50_weakly_08.json,50,weakly,13054,20311314,"460,521,896,396,1030,375,673,886,195,773,655,509,937,782,565,277,961,320,536,661,783,202,640,521,500,668,694,330,742,357,224,616,703,1023,305,240,443,502,78,732,545,828,604,266,98,708,215,124,65,143","380,571,962,378,971,358,721,824,276,797,661,414,930,812,551,182,937,280,528,730,734,280,683,468,466,609,611,322,744,266,233,542,682,999,314,140,422,495,163,808,552,739,633,321,187,702,288,88,160,194"
n50_weakly_09,n50_weakly_09.json,50,weakly,12944,20311315,"237,965,108,920,793,1,913,800,430,56,981,895,863,316,706,1,811,116,480,319,610,688,1033,284,89,216,890,568,873,417,214,1,828,627,187,249,737,530,476,14,683,330,502,679,635,1035,869,861,396,297","233,959,103,930,774,33,907,779,513,51,958,825,812,245,625,59,724,77,399,220,550,753,964,265,112,179,890,474,908,328,226,40,832,569,211,177,787,580,502,79,638,355,586,623,661,957,860,875,334,347"
